{
  "name": "select2",
  "description": "Select2 is a jQuery based replacement for select boxes. It supports searching, remote data sets, and infinite scrolling of results.",
  "main": [
    "dist/js/select2.js",
    "dist/css/select2.css"
  ],
  "repository": {
    "type": "git",
    "url": "git@github.com:select2/select2.git"
  },
  "homepage": "https://github.com/select2/select2",
  "version": "4.0.0",
  "_release": "4.0.0",
  "_resolution": {
    "type": "version",
    "tag": "4.0.0",
    "commit": "80eb44bec78568b152dc5547269c164cb7b5363c"
  },
  "_source": "git://github.com/select2/select2.git",
  "_target": "~4.0.0",
  "_originalSource": "select2/select2",
  "_direct": true
}